,0
0,伊力扎特-阿赫梅托夫（伊力扎提-阿合买提）
1,Ilzat Toglokovich Akhmetov
2,伊力扎特 图格鲁克维奇 阿赫梅托夫（Ilzat Toglokovich Akhmetov）
3,
4,1997年12月31日（20岁）
5, 
6,
7,吉尔吉斯斯坦
8,1.72
9,65
10,边前卫
11,
12,鲍里斯.阿尔法罗
13,Boris Alfaro
14,Boris Xavier Alfaro Chong
15,无
16,1988年10月29日（29岁）
17, [[]] La Chorrera
18,
19,无
20,185
21,
22,前锋
23,
24,区美仪
25,Jessica Au
26,Jessica Mi-Yee Au (杰西卡-区美仪）
27,无
28,1995年5月25日（22岁）
29,  维多利亚
30,
31,东帝汶、葡萄牙
32,156
33,前腰
34,
35,
36,欧阳伯钧
37,Au-yeong Pak Kuan
38,Au-yeong Pak Kuan
39,
40,1960年8月24日（57岁）
41, [[]]
42,
43,
44,
45,
46,中场
47,
48,莫国全
49,Richard Bok Kok Chuan
50,Bok Kok Chuan
51,
52,1969年8月3日（48岁）
53, [[]]
54,
55,
56,
57,
58,
59,
60,泰艾斯.布朗宁
61,"Tyias ""Ty"" Charles Browning"
62,泰艾斯.查尔斯.布朗宁
63,无
64,1994年5月23日（23岁）
65,  利物浦
66,
67,
68,181
69,
70,边后卫
71,
72,海梅·卡雷尼奥
73,Jaime Carreño
74,Jaime Matías Carreño Lee-chong
75,无
76,1997年3月3日（21岁）
77,  雷科莱塔
78,
79,无
80,166
81,
82,中场
83,
84,陈永雄
85,Chan Wing Hoong
86,Chan Wing Hoong
87,
88,1977年3月29日（41岁）
89,  怡保
90,
91,
92,173
93,
94,后卫
95,
96,陈志杰
97,Chan Chee Kit
98,Kevin Dean Chan-Yu-Tin
99,无
100,1990年7月22日（27岁）
101,  蒙特利尔
102,
103,加拿大
104,
105,
106,中场
107,
108,何塞-陈（小）
109,Jose Carlos Chan
110,José Carlos Chan Moreno
111,无
112,1985年8月7日（32岁）
113, 
114,
115,
116,180
117,
118,中后卫
119,
120,陈国兴
121,Chan Kok Heng
122,Chan Kok Heng
123,无
124,1968年4月21日（49岁）
125, 
126,
127,无
128,
129,
130,后卫
131,
132,曾羽辉
133,Chan Yu Hui
134,Jasper Chan Yu Hui
135,
136,1988年11月7日（29岁）
137, [[]]
138,
139,无
140,1.83
141,
142,门将
143,
144,曾智畏
145,Jordan Chan
146,Chan Zhi Wei
147,无
148,1998年4月5日（20岁）
149, [[]]
150,
151,无
152,
153,
154,中场
155,
156,胡安-张
157,Juan José Chang
158,胡安-何塞-张
159,无
160,1987年11月17日（30岁）
161, 
162,
163,德国、萨尔瓦多
164,175
165,
166,中场
167,
168,车世伟
169,Che Shiwei
170,车世伟
171,
172,1996年10月30日（21岁）
173,  大连市
174,
175,
176,180
177,70
178,中场
179,MA59001
180,李-昆西-卓亚麟
181,Lee-Quincy Cheuk-Alam
182,李-昆西-卓亚麟
183,无
184,1989年6月11日（28岁）
185, 
186,
187,苏里南
188,183
189,76
190,门将
191,
192,朱允豪
193,Chee Wan Hoe
194,Chee Wan Hoe
195,无
196,1971年9月9日（46岁）
197, [[]]
198,
199,无
200,
201,
202,后卫
203,
204,陈俊林
205,Chen Junlin
206,陈俊林
207,
208,1993年5月5日（24岁）
209,  北海市
210,
211,
212,184
213,74
214,门将
215,MA56836
216,罗伯特·陈
217,Roberto Chen
218,Roberto Leandro Chen Rodríguez
219,无
220,1994年5月24日（23岁）
221,  科隆岛
222,
223,无
224,182
225,
226,中后卫
227,
228,陈涛
229,Chen Tao
230,陈涛
231,
232,1985年3月11日（33岁）
233,  鞍山市
234,
235,
236,180
237,80
238,中场
239,MA11767
240,陈昌源(夏维耶）
241,Xavier Chen
242,Xavier Chen Tsan-Yuan
243,无
244,1983年10月5日（34岁）
245,  贝尔克姆-圣阿加特
246,
247,比利时
248,174
249,
250,边后卫
251,
252,陈正
253,Chen Zheng
254,陈正
255,
256,1993年1月7日（25岁）
257,  大连市
258,
259,
260,178
261,73
262,前锋
263,MA51381
264,丹尼斯.陈
265,Denis Chen
266,Denis Geovani Chen Fernández
267,无
268,1977年8月9日（40岁）
269,  圣皮德罗卡尔查
270,
271,
272,165
273,
274,后卫
275,
276,陈佳裕
277,Francisco Chen Jiayu
278,"Francisco “Chico""  Chen Jiayu"
279,无
280,1993年4月17日（24岁）
281, 
282,
283,
284,
285,
286,边后卫
287,
288,贾弗里-赵
289,Jafri Chew
290,Muhd Jafri Muhd Firdaus Chew
291,
292,1997年6月11日（20岁）
293, [[]]
294,
295,无
296,
297,
298,前锋
299,
300,阿尔伯特-贾-李
301,Alberto Chía Li
302,Alberto Chía Li
303,无
304,年月日（岁）
305, [[]]
306,
307,
308,
309,
310,后腰
311,
312,谢文良
313,Chia Boon Leong
314,谢文良(Chia Boon Leong)
315,
316,1925年1月1日（93岁）
317, [[]]  巴西班让
318,
319,中华民国
320,
321,
322,前锋
323,
324,理查德-陈亚保
325,Richard Chin-A-Poo
326,Richard Chin-A-Poo
327,无
328,1957年1月18日（61岁）
329, 
330,
331,无
332,185
333,
334,后卫
335,
336,丹尼斯.陈
337,Dennis Chin
338,Dennis Chin
339,无
340,1987年7月4日（30岁）
341, [[]] 京士顿
342,
343,牙买加
344,191
345,
346,前锋
347,
348,陈珩琛
349,Gordon Chin
350,Gordon Robert Chin
351,无
352,1983年5月26日（34岁）
353,  伯纳比
354,
355,无
356,165
357,
358,中场
359,
360,陈明山
361,Piakai Henkel ”Chin Ming Shang”
362,亨克尔-皮亚凯“陈明山”
363,无
364,1995年3月11日（23岁）
365,  盖恩斯维尔
366,
367,新加坡
368,177
369,
370,前锋
371,
372,帕特里克-陈
373,Patrick Chin
374,Patrick Chin
375,无
376,年月{{{出生日}}}日（岁）
377, 
378,
379,
380,
381,
382,
383,
384,肖恩-陈
385,Shawn Chin
386,Shawn Chin
387,无
388,1989年5月11日（28岁）
389,  迈阿密
390,
391,无
392,177
393,
394,中场
395,
396,布莱恩.程
397,Brian Ching
398,Brian Ching
399,无
400,1978年5月24日（39岁）
401,  檀香山
402,
403,无
404,185
405,
406,前锋
407,
408,郑宏育
409,Ching Hong Aik
410,Ching Hong Aik
411,无
412,1973年11月30日（44岁）
413, 
414,
415,无
416,170
417,
418,前锋
419,
420,康纳尔-陈
421,Conor William Chinn
422,康纳尔-威廉-陈
423,无
424,1987年08月29日（30岁）
425,  拉霍亚
426,
427,
428,183
429,80
430,前锋
431,
432,赵珍妮
433,"Jenny Chiu ""Chiu Jen-Ny"""
434,Jenny Ana Chiu
435,无
436,1995年9月25日（22岁）
437,  艾尔帕索
438,
439,美国
440,
441,
442,中场
443,
444,斯蒂维.张.邱
445,Steeyv Chong
446,Steeyv Chong Hue
447,无
448,1990年1月26日（28岁）
449,  塔希提岛
450,
451,法国
452,179
453,
454,前锋
455,
456,塔希茨-钟
457,Tahith Chong
458,Tahith Chong
459,无
460,1999年12月7日（18岁）
461, 
462,
463,
464,
465,
466,前腰
467,
468,周子轩
469,Victor Chou Hsieh
470,周子轩
471,无
472,1992年2月5日（26岁）
473,  马德里
474,
475,西班牙
476,176
477,
478,边后卫
479,
480,仇志强
481,Chow Chee Keong
482,Chow Chee Keong
483,
484,1948年11月26日（69岁）
485, [[]]
486,
487,
488,
489,
490,门将
491,
492,周贵林
493,Chow Kwai Lam
494,Chow Kwai Lam
495,
496,1952年8月28日（65岁）
497,  芙蓉市
498,
499,
500,1.86
501,
502,后卫
503,
504,邹仲衡
505,Matthew Chung-Hung Chow
506,马修-邹仲衡
507,无
508,1996年2月11日（22岁）
509, 
510,
511,香港
512,173
513,
514,中场、前锋
515,
516,周定洋
517,Timothy Alexander Chow Tin Young
518,蒂莫西-亚历山大-周定洋
519,无
520,1993年9月5日（24岁）
521,  维冈
522,
523,中华台北
524,173
525,
526,中场
527,
528,周志荣
529,Chow Chee Weng
530,Chow Chee Weng
531,无
532,1977年5月21日（40岁）
533, [[]]
534,
535,无
536,
537,
538,中场
539,
540,周家文
541,"Justin Stephen ""Chow Chia Wen"""
542,周家文
543,无
544,1999年10月8日（18岁）
545, 
546,
547,
548,174
549,65
550,前锋
551,
552,周东泽
553,Davidy Renan Dos Santos Chow
554,
555,无
556,1998年1月26日（20岁）
557,  圣保罗
558,
559,
560,1.68米
561,
562,后腰
563,
564,弗兰克-周玄
565,Frank Chow-Yuen
566,Frank Chow-Yuen
567,无
568,1973年10月19日（44岁）
569, [[]]
570,
571,法国
572,
573,
574,中场
575,
576,朱志成
577,Chu Chee Seng
578,朱志成(Chu Chee Seng)
579,
580,年月日（岁）
581,[[]] [[]]
582,
583,中华民国
584,
585,
586,守门员
587,
588,蔡文礼
589,Chua Boon Lay
590,蔡文礼（Chua Boon Lay）
591,
592,1904年10月23日（113岁）
593, [[]]
594,
595,中华民国
596,180
597,73
598,后卫
599,
600,庄耿沣
601,Chun Keng Hong
602,Chun Keng Hong
603,无
604,1985年10月25日（32岁）
605,  亚罗士打
606,
607,无
608,182
609,
610,中后卫
611,
612,马克.钟
613,Mark Chung
614,Mark Chung
615,无
616,1970年6月18日（47岁）
617,  多伦多
618,
619,加拿大，牙买加
620,170
621,
622,中场
623,
624,钟汉强
625,Winston Chung Fah
626,"Winston Chung Fah "" Chung Hon Keung"""
627,无
628,1939年12月1日（78岁）
629,  克拉伦登
630,
631,中华民国（？）
632,
633,
634,门将、后卫、教练
635,
636,钟启俊
637,Kadin Chung
638,Kadin Brian Chung
639,无
640,1998年9月5日（19岁）
641,  新威斯敏斯特
642,
643,菲律宾
644,175
645,
646,后卫
647,
648,萨米-钟
649,Sammy Chung
650,"Cyril ""Sammy"" Chung"
651,无
652,1932年7月16日（85岁）
653,  阿宾登
654,
655,香港
656,175
657,
658,前锋
659,
660,艾伦-科尔
661,Allan Cole
662,"Allan ""Skill"" Cole"
663,无
664,1950年10月14日（67岁）
665, 
666,
667,
668,
669,
670,前锋
671,
672,丛安庆
673,Cóng Anqìng
674,丛安庆
675,无
676,1924年月日（岁）
677,   金县
678,
679,无
680,170
681,
682,前卫
683,无
684,迪翁-库尔斯
685,Dion Johan Cools
686,迪翁-约翰-库尔斯
687,
688,1996年6月4日（21岁）
689,  古晋
690,
691,马来西亚
692,1.85
693,
694,边后卫
695,
696,崔明安
697,Cui Ming'an
698,崔明安
699,
700,1994年11月15日（23岁）
701,  大连市
702,
703,
704,180
705,77
706,中场
707,MA57710
708,崔宇
709,Cui Yu
710,崔宇
711,
712,1989年6月27日（28岁）
713, 
714,
715,
716,178
717,77
718,后卫
719,MA35474
720,崔曾石
721,Cuī Zēngshí
722,崔曾石
723,无
724,1932年月日（岁）
725, [[]]
726,
727,无
728,
729,
730,右边锋、中锋
731,无
732,帕特里克-迭托
733,Patrick Deyto
734,Patrick Phillip Bravo Deyto
735,无
736,1990年2月15日（28岁）
737, 
738,
739,无
740,182
741,
742,门将
743,
744,库尔特-二孙
745,Curt Dizon
746,Curt-Jordan Perez Dizon
747,无
748,1994年2月4日（24岁）
749, 
750,
751,英格兰
752,180
753,
754,前锋
755,
756,董洪麟
757,Dong Honglin
758,董洪麟
759,
760,1996年1月15日（22岁）
761,  大连市
762,
763,
764,182
765,70
766,中场
767,MA59001
768,董岩锋
769,Dong Yanfeng
770,董岩锋
771,
772,1996年2月11日（22岁）
773,  大连市
774,
775,
776,180
777,71
778,后卫
779,MA60396
780,段云子
781,Duan Yunzi
782,段云子
783,
784,1995年1月24日（23岁）
785,  衡水市
786,
787,
788,180
789,70
790,中场
791,MA59014
792,杨裕财
793,Chanin Sae-Ear (Ear Euk Chai)
794,杨裕财
795,
796,1992年7月5日（25岁）
797, 
798,
799,
800,
801,
802,门将
803,
804,范德芳
805,Fan Tek Fong
806,范德芳
807,
808,1943年9月19日（74岁）
809,  西冷
810,
811,中华民国（？）
812,
813,
814,
815,
816,冯潇霆
817,Feng Xiaoting
818,冯潇霆
819,
820,1985年10月20日（32岁）
821,  大连
822,
823,
824,187
825,78
826,后卫
827,MA13279
828,方添俊
829,Dilshan Fong-Tin-Joen
830,蒂尔斯翰-方添俊
831,无
832,1983年11月25日（34岁）
833, 
834,
835,苏里南
836,
837,
838,后卫
839,
840,艾迪
841,Eddy Francis
842,艾迪·弗朗西斯
843,
844,1990年12月17日（27岁）
845, 
846,
847,
848,181
849,75
850,后卫
851,MA16255
852,罗宾-弗雷泽
853,Robin Fraser
854,Robin Lucius Fraser
855,无
856,1966年12月17日（51岁）
857, 
858,
859,牙买加
860,185
861,
862,中后卫
863,
864,洪阿英（冯亚荣）
865,Cerezo Fung-A-Wing
866,塞雷佐-洪亚英
867,无
868,1983年9月24日（34岁）
869, 
870,
871,苏里南
872,180
873,
874,中后卫
875,
876,颜兴龙
877,Gan Seng Ling
878,Brendan Gan Seng Ling
879,无
880,1988年6月3日（29岁）
881, 
882,
883,澳大利亚
884,180
885,
886,中场
887,
888,郜林
889,Gao Lin
890,郜林
891,
892,1986年2月14日（32岁）
893,  郑州市 中原区
894,
895,
896,185
897,75
898,前锋
899,MA06525
900,耿晓顺
901,Geng Xiaoshun
902,耿晓顺
903,李洋
904,1990年5月17日（27岁）
905,  辽阳市
906,
907,
908,186
909,75
910,中后卫，右后卫
911,MA44652
912,吴志豪
913,"Ryan Go ""Wu Zhi-Hao"""
914,Ryan Go
915,无
916,1994年9月18日（23岁）
917, 
918,
919,澳大利亚
920,
921,
922,边后卫
923,
924,吴达泉
925,Goh Tat Chuan
926,Goh Tat Chuan
927,无
928,1974年2月6日（44岁）
929, [[]]
930,
931,无
932,180
933,
934,中场
935,
936,维克托-冈萨雷斯
937,Víctor Miguel González Chang
938,Víctor Miguel González Chang
939,无
940,1994年5月30日（23岁）
941, 
942,
943,无
944,178
945,75
946,后卫
947,
948,国威
949,Guo Wei
950,国威
951,
952,1989年7月8日（28岁）
953,  大连市
954,
955,
956,189
957,85
958,门将
959,MA30900
960,郭鸿宾
961,Guō Hóngbīn
962,郭鸿宾
963,无
964,1914年月日（岁）
965,  
966,
967,无
968,172
969,
970,中锋
971,无
972,河大成
973,Ha Dae-Sung
974,하대성
975,
976,1985年3月2日（33岁）
977, 
978,
979,
980,180
981,68
982,中场
983,MP02595
984,韩鹏
985,Han Peng
986,韩鹏
987,
988,1983年9月13日（34岁）
989,  济南市 历城区
990,
991,
992,185
993,77
994,前锋
995,MA01216
996,韩学庚
997,Han Xuegeng
998,韩学庚
999,
1000,1989年7月10日（28岁）
1001,  大连市
1002,
1003,
1004,181
1005,74
1006,后卫
1007,MA30645
1008,何维伦
1009,Ho Wai Loon
1010,Ho Wai Loon
1011,
1012,1993年08月20日（24岁）
1013, [[]]
1014,
1015,无
1016,169
1017,
1018,中场
1019,
1020,侯永永
1021,John Hou Sæter
1022,约翰-侯-赛特
1023,无
1024,1998年1月13日（20岁）
1025, [[]]
1026,
1027,
1028,
1029,
1030,中场
1031,
1032,胡思杰
1033,Shijie Hu
1034,Shijie Hu
1035,无
1036,1988年7月15日（29岁）
1037,  温州市 文成县
1038,
1039,
1040,
1041,
1042,前腰
1043,
1044,杰梅因-邱
1045,Jermaine Hue
1046,"Jermaine ""Jerry"" Chistopher Hue"
1047,无
1048,1978年7月15日（39岁）
1049,  莫兰特贝
1050,
1051,
1052,173
1053,
1054,中场
1055,
1056,于德
1057,Arthur Irawan
1058,亚瑟-伊拉万
1059,无
1060,1994年5月4日（23岁）
1061, 
1062,
1063,无
1064,175
1065,
1066,边后卫
1067,
1068,叶亚有（叶亚友）
1069,Ferdinand Jap A Joe
1070,Ferdinand “Hesdy” Jap A Joe
1071,
1072,1981年2月13日（37岁）
1073, 
1074,
1075,
1076,
1077,
1078,中场，后卫
1079,
1080,纪政玉
1081,Ji Zhengyu
1082,纪政玉
1083,
1084,1994年6月8日（23岁）
1085,  大连市
1086,
1087,
1088,182
1089,76
1090,后卫
1091,MA57007
1092,金秉奎
1093,Jīn Bǐngkuī
1094,金秉奎
1095,无
1096,1927年月日（岁）
1097, 
1098,
1099,无
1100,
1101,
1102,左边锋
1103,无
1104,晋鹏翔
1105,Jin Pengxiang
1106,晋鹏翔
1107,
1108,1990年1月25日（28岁）
1109,  大连市
1110,
1111,
1112,187
1113,77
1114,后卫
1115,MA49122
1116,金强
1117,Jin Qiang
1118,金强
1119,金彦君
1120,1993年1月15日（25岁）
1121,  大连市
1122,
1123,
1124,180
1125,72
1126,中场
1127,MA56856
1128,金洋洋
1129,Jin Yangyang
1130,金洋洋
1131,
1132,1993年2月3日（25岁）
1133,  大连市
1134,
1135,
1136,180
1137,70
1138,后卫
1139,MA56842
1140,金英权
1141,Kim Young-Gwon
1142,김영권
1143,
1144,1990年2月27日（28岁）
1145,  全州市
1146,
1147,
1148,185
1149,74
1150,后卫
1151,MP02474
1152,金龙湖
1153,Jīn LóngHú
1154,金龙湖
1155,无
1156,1926年月日（岁）
1157,  
1158,
1159,无
1160,
1161,
1162,前锋
1163,无
1164,杨亚平（容阿平）
1165,Calvin Jong-A-Pin
1166,凯文-杨亚平
1167,无
1168,1986年7月18日（31岁）
1169,  阿姆斯特丹
1170,
1171,苏里南（？）
1172,183
1173,
1174,中后卫
1175,
1176,"""中国人"" 浩然"
1177,China Kao Yien
1178,Carlos Alberto Gomes Kao Yien
1179,无
1180,1964年11月9日（53岁）
1181, 
1182,
1183,无
1184,
1185,
1186,后卫
1187,
1188,扎马尔丁-霍加尼亚佐夫（扎马尔丁-霍加尼亚孜）
1189,Dzhamaldin Abdukhalitovich Khodzhaniyazov
1190,扎马尔丁-阿卜杜艾力托维奇-霍加尼亚佐夫
1191,
1192,1996年7月18日（21岁）
1193,  拜拉姆阿里
1194,
1195,土库曼斯坦
1196,1.80
1197,
1198,中后卫
1199,
1200,许锡龙
1201,Khor Sek Leng
1202,Mohd Azraai Khor Bin Abdullah
1203,
1204,1952年10月25日（65岁）
1205,  亚罗士打
1206,
1207,
1208,
1209,
1210,中场
1211,
1212,豪尔赫-古曹
1213,Jorge Koochoi Sarmiento
1214,豪尔赫-古曹-萨米恩托
1215,无
1216,1900年11月2日（117岁）
1217, 
1218,
1219,中华民国（？）
1220,
1221,
1222,边锋
1223,
1224,古廉权
1225,Koo Luam Khen
1226,Koo Luam Khen
1227,
1228,1951年3月27日（67岁）
1229, [[]]
1230,
1231,
1232,
1233,
1234,
1235,
1236,郭丰新
1237,Kwee Hong Sing
1238,Kwee Hong Sing
1239,
1240,1920年月日（岁）
1241, [[]]
1242,
1243,中华民国（？）
1244,
1245,
1246,
1247,
1248,麦克-邝
1249,Michael Kwong
1250,Michael Chuck Kwong
1251,无
1252,1993年2月22日（25岁）
1253, 
1254,
1255,无
1256,181
1257,
1258,边锋
1259,
1260,里维斯-黎山（暂译）
1261,Lewis Lai San
1262,Lewis Lai San
1263,
1264,年月日（岁）
1265,[[]] [[]]
1266,
1267,
1268,
1269,
1270,中场
1271,
1272,黎文（暂译）
1273,Mun Lai
1274,Mun Lai
1275,
1276,年月日（岁）
1277,[[]] [[]]
1278,
1279,
1280,
1281,
1282,中场
1283,
1284,黎景豪
1285,Richard Lai King Ho
1286,黎景豪
1287,无
1288,1961年12月6日（56岁）
1289, [[]]
1290,
1291,关岛
1292,
1293,
1294,
1295,
1296,黎文华（暂译）
1297,Lai Ban Huat
1298,Ramesh Lai Ban Huat
1299,无
1300,1980年4月8日（38岁）
1301, 
1302,
1303,
1304,1.67
1305,
1306,后卫
1307,
1308,林志坚
1309,Andreas Lam Zhi Gin
1310,林志坚
1311,无
1312,1991年6月4日（26岁）
1313,  汉堡
1314,
1315,无
1316,175
1317,
1318,边前卫
1319,
1320,黎丽莎
1321,Cindy Lay
1322,"Cindy Dayana Lay “Lay Li-Sa""(辛迪-黛雅娜-黎丽莎）"
1323,无
1324,1994年10月9日（23岁）
1325, 
1326,
1327,无
1328,160
1329,
1330,中场
1331,
1332,黎发芳
1333,Francisco Lay
1334,Francisco Kalbuadi Lay
1335,无
1336,1954年2月7日（64岁）
1337, [[]]
1338,
1339,
1340,
1341,
1342,
1343,
1344,李思勤
1345,Illyas Lee
1346,Lee Si Qin
1347,无
1348,1995年12月1日（22岁）
1349, [[]]
1350,
1351,无
1352,
1353,
1354,后卫
1355,
1356,李伟成
1357,Alexander Francis Vei Chen Lee
1358,亚历山大-弗朗西斯-伟成-李
1359,无
1360,1990年1月15日（28岁）
1361,  蒙哥马利 罗克韦尔
1362,
1363,美国
1364,178
1365,
1366,后卫
1367,
1368,李伟宏
1369,Justin David Lee Wei Hung
1370,贾斯汀-大卫-伟宏-李
1371,无
1372,1990年1月15日（28岁）
1373,  蒙哥马利 罗克韦尔
1374,
1375,美国
1376,
1377,
1378,后卫
1379,
1380,李伟华
1381,Natanel Prescott Lee Wei Wah
1382,纳塔内尔-布里斯科特-伟华-李
1383,无
1384,1996年5月1日（21岁）
1385,  蒙哥马利 罗克韦尔
1386,
1387,美国
1388,
1389,
1390,后卫
1391,
1392,奥斯卡-李祥
1393,Oscar Lee-Chong
1394,Óscar Rigoberto Lee-Chong Pinilla
1395,无
1396,1963年3月20日（55岁）
1397, 
1398,
1399,无
1400,171
1401,
1402,中场
1403,
1404,Wang-Xi Lee-Chong
1405,Felipe Lee-Chong
1406,Felipe Wang-Xi Lee-Chong Cartes
1407,无
1408,1997年10月21日（20岁）
1409,  雷科莱塔
1410,
1411,无
1412,177
1413,
1414,中场
1415,
1416,梁宏成
1417,Leong Hong Seng
1418,Leong Hong Seng
1419,
1420,1975年2月3日（43岁）
1421, 
1422,
1423,
1424,176
1425,
1426,后卫
1427,
1428,刘汉雄
1429,Herny Lew
1430,Lew Han Hung
1431,无
1432,1992年2月9日（26岁）
1433, 
1434,
1435,无
1436,180
1437,75
1438,后卫、中场
1439,
1440,李逢春
1441,Lǐ Féngchūn
1442,李逢春
1443,无
1444,1922年月日（岁）
1445,  延吉
1446,
1447,无
1448,
1449,
1450,右前卫
1451,无
1452,李凤奎
1453,Raimana Li Fung Kuee
1454,赖马纳-李凤奎
1455,无
1456,1985年4月10日（33岁）
1457,  塔希提岛
1458,
1459,法国
1460,173
1461,
1462,前锋
1463,
1464,李生晨
1465,Li Shengchen
1466,李生晨
1467,
1468,1995年11月21日（22岁）
1469,  大连市
1470,
1471,
1472,181
1473,68
1474,门将
1475,MA58017
1476,李学鹏
1477,Li Xuepeng
1478,李学鹏
1479,
1480,1988年9月18日（29岁）
1481,  大连市
1482,
1483,
1484,185
1485,78
1486,后卫
1487,MA30868
1488,李智宇
1489,Li Zhiyu
1490,李智宇
1491,
1492,1993年1月24日（25岁）
1493,  大连市
1494,
1495,
1496,186
1497,74
1498,后卫
1499,MA56849
1500,李惠堂
1501,
1502,李惠堂
1503,
1504,1905年10月16日（112岁）
1505,   铜锣湾
1506,
1507,
1508,180
1509,74.8
1510,前锋
1511,
1512,胡安.李
1513,Juan Li
1514,Juan Diego Antonio Li Naranjo
1515,无
1516,1995年2月16日（23岁）
1517, 
1518,
1519,无
1520,174
1521,72
1522,边后卫
1523,
1524,廖力生
1525,Liao Lisheng
1526,廖力生
1527,
1528,1993年4月29日（24岁）
1529,  揭阳市 揭西县
1530,
1531,
1532,180
1533,70
1534,中场
1535,MA55655
1536,林瑞良
1537,Liem Soei Liang( Surya Lesmana )
1538,林瑞良
1539,列姆隋亮
1540,1944年5月20日（73岁）
1541,  Balaraja
1542,
1543,中华民国（？）
1544,
1545,
1546,中场
1547,
1548,林顺有
1549,Liem Soen Joe（Liem Sun Yu）
1550,林顺有
1551,
1552,1916年10月16日（101岁）
1553,  加布棉
1554,
1555,中华民国（？）
1556,
1557,
1558,边后卫
1559,
1560,廖吉光
1561,Liew Kit Kong
1562,Liew Kit Kong
1563,无
1564,1979年1月6日（39岁）
1565, 
1566,
1567,无
1568,
1569,
1570,前锋
1571,
1572,林安远
1573,An-Yan Lim Kee Chong
1574,安远-林季长（An Yan Lim Kee Chong）
1575,无
1576,1960年4月15日（57岁）
1577, [[]]
1578,
1579,
1580,
1581,
1582,裁判
1583,
1584,林灿友
1585,Lim Chan Yew
1586,Lim Chan Yew
1587,无
1588,1978年10月14日（39岁）
1589, 
1590,
1591,无
1592,178
1593,
1594,后卫
1595,
1596,林佺凯
1597,Damien Lim
1598,Damien Lim Chien Khai
1599,无
1600,1997年2月5日（21岁）
1601, 
1602,
1603,无
1604,175
1605,
1606,门将
1607,
1608,林俊
1609,Harvey Lim
1610,Lim Choun
1611,无
1612,1967年8月30日（50岁）
1613,  Halesworth
1614,
1615, （？）
1616,
1617,
1618,门将
1619,
1620,林芳基
1621,Lim Fung Kee
1622,Lim Fung Kee
1623,无
1624,1950年2月22日（68岁）
1625, [[]]
1626,
1627,无
1628,
1629,
1630,门将
1631,
1632,林长金
1633,Lim Teong Kim
1634,Lim Teong Kim
1635,无
1636,1963年8月26日（54岁）
1637, 
1638,
1639,无
1640,
1641,
1642,中场
1643,
1644,林天日
1645,Lim Tien Jit
1646,Rocky Lim
1647,
1648,1951年1月5日（67岁）
1649, 
1650,
1651,
1652,1.79
1653,55
1654,后卫
1655,
1656,林毅
1657,Eug Yi Lin
1658,艾格-林毅
1659,无
1660,1982年10月06日（35岁）
1661,  温州
1662,
1663,无
1664,182
1665,80
1666,后卫
1667,
1668,林球立
1669,Tscheu La Ling（或Tschen La Ling）
1670,林球立
1671,无
1672,1956年1月6日（62岁）
1673,  海牙
1674,
1675,
1676,185
1677,
1678,边锋
1679,
1680,Liu Shuai
1681,刘帅
1682,
1683,1989年4月2日（29岁）
1684,  蚌埠市
1685,
1686,
1687,180
1688,74
1689,中后卫，右后卫，后腰，右翼卫
1690,MA47287
1691,
1692,刘伟国
1693,Liu Weiguo
1694,刘伟国
1695,
1696,1992年5月3日（25岁）
1697, 
1698,
1699,
1700,191
1701,74
1702,门将
1703,MA25068
1704,刘映辰
1705,Liu Yingchen
1706,刘映辰
1707,
1708,1993年1月15日（25岁）
1709,  大连市
1710,
1711,
1712,180
1713,76
1714,后卫
1715,MA56846
1716,刘义鹏
1717,Liu Yipeng
1718,刘义鹏
1719,
1720,1997年2月2日（21岁）
1721,  大连市
1722,
1723,
1724,180
1725,65
1726,门将
1727,MA58995
1728,刘国斌
1729,Liú Guóbīn
1730,刘国斌
1731,无
1732,1932年月日（岁）
1733, 
1734,
1735,无
1736,
1737,
1738,门将
1739,无
1740,刘荫培
1741,Liú YīnPéi
1742,刘荫培
1743,无
1744,1934年10月30日（83岁）
1745, 
1746,
1747,无
1748,176
1749,
1750,前卫、前锋
1751,无
1752,罗福生
1753,Jermano Lo Fo Sang
1754,杰玛诺-罗福生
1755,无
1756,1991年11月11日（26岁）
1757, 
1758,
1759,苏里南
1760,179
1761,
1762,边后卫
1763,
1764,陆宇廷（暂译）
1765,Darren Lok
1766,Lok Yee Deng
1767,无
1768,1991年4月9日（27岁）
1769, 
1770,
1771,英格兰
1772,1.72
1773,
1774,前锋
1775,
1776,马里亚诺-罗
1777,Mariano Loo
1778,Mariano “Chito”  Loo Granda
1779,无
1780,1943年8月8日（74岁）
1781, 
1782,
1783,无
1784,
1785,
1786,前锋
1787,
1788,胡里奥·洛里斯·科兰
1789,Julio Lores Colán
1790,胡里奥·洛里斯·科兰
1791,无
1792,1908年7月15日（109岁）
1793, 
1794,
1795,墨西哥
1796,
1797,
1798,前锋
1799,
1800,刘大卫
1801,David Low
1802,大卫-刘
1803,无
1804,1983年11月25日（34岁）
1805, 
1806,
1807,南非
1808,178
1809,73
1810,后卫/边前卫（左/右）/后腰
1811,
1812,刘小恨
1813,Sheu Han
1814,Low Sheu Han
1815,无
1816,1954年08月30日（63岁）
1817,   伊尼亚索洛
1818,
1819,莫桑比克
1820,178
1821,
1822,中场
1823,
1824,林恩许
1825,Jared Lum
1826,Jared Lum Yan Hue
1827,无
1828,1992年7月19日（25岁）
1829,  悉尼
1830,
1831,
1832,1.76
1833,72
1834,边前卫
1835,
1836,罗森文
1837,Luo Senwen
1838,罗森文
1839,
1840,1993年1月16日（25岁）
1841, 
1842,
1843,
1844,188
1845,80
1846,前卫
1847,MA34685
1848,吕鹏
1849,Lü Peng
1850,吕鹏
1851,
1852,1989年10月28日（28岁）
1853,  大连市
1854,
1855,
1856,180
1857,75
1858,中场
1859,MA35583
1860,马韶华
1861,Mǎ Sháohuá
1862,马韶华
1863,无
1864,1925年月日（岁）
1865,  
1866,
1867,N/A
1868,178
1869,
1870,门将
1871,N/A
1872,梅国鸿
1873,Moey Kok Hong
1874,Moey Kok Hong
1875,无
1876,1968年11月11日（49岁）
1877,  北海
1878,
1879,无
1880,178
1881,
1882,全能
1883,
1884,梅示敦
1885,Lexton de la Cruz Moy
1886,Lexton de la Cruz Moy
1887,无
1888,1985年1月24日（33岁）
1889,  曼哈顿
1890,
1891,美国
1892,168
1893,
1894,边后卫
1895,
1896,亚历山大-恩杜姆布
1897,Alexander N'doubmou
1898,亚历山大-恩杜姆布
1899,无
1900,1992年1月4日（26岁）
1901, 
1902,
1903,
1904,
1905,
1906,前腰
1907,
1908,南云齐
1909,Nan Yunqi
1910,南云齐
1911,
1912,1993年10月6日（24岁）
1913,  大连市
1914,
1915,
1916,177
1917,74
1918,前锋
1919,MA36939
1920,哈罗德-吴福（暂译）
1921,Harold Ng Fok
1922,Harold Ng Fok
1923,
1924,年月日（岁）
1925,[[]] [[]]
1926,
1927,
1928,
1929,
1930,前锋
1931,
1932,黄永武
1933,Stanely Ng Yong Woo
1934,黄永武
1935,无
1936,1992年5月27日（25岁）
1937,  宏茂桥
1938,
1939,无
1940,180
1941,
1942,前锋
1943,
1944,黄添喜
1945,Perry Ng
1946,Perry Ng Tian-Hee
1947,无
1948,1996年6月24日（21岁）
1949, 
1950,
1951,无
1952,180
1953,75
1954,中卫
1955,
1956,冯龙健
1957,"Ryuken Nishizawa Fung ""Fung Long-Chien"""
1958,西泽龙健
1959,无
1960,1999年月日（岁）
1961, 
1962,
1963,
1964,
1965,
1966,前锋、中场
1967,
1968,卢克·奥尼恩
1969,Luke O'Nien
1970,Luke Terry O'Nien
1971,无
1972,1994年11月21日（23岁）
1973,  赫默尔亨普斯特德
1974,
1975,新加坡
1976,175
1977,
1978,中场
1979,
1980,王昱民
1981,Emmeric Ong
1982,Emmeric Ong Yu Min
1983,王閾民
1984,1991年1月25日（27岁）
1985, [[]]
1986,
1987,无
1988,181
1989,
1990,后卫
1991,
1992,王金瑞
1993,Ong Kim Swee
1994,Ong Kim Swee
1995,
1996,1970年12月11日（47岁）
1997, 
1998,
1999,
2000,
2001,
2002,中场（退役）
2003,
2004,王良德
2005,Chris Ong
2006,Ong Liong Tik(Chris Susanto Setiawan)
2007,
2008,1923年7月13日（94岁）
2009,  玛琅
2010,
2011,中华民国（？）
2012,
2013,
2014,后卫
2015,
2016,黄河源
2017,Ooi Hoe Guan
2018,Ooi Hoe Guan
2019,无
2020,1973年12月31日（44岁）
2021, 
2022,
2023,无
2024,
2025,
2026,中场
2027,
2028,黄世强
2029,Ooi Shee Keong
2030,Ooi Shee Keong
2031,无
2032,1991年8月8日（26岁）
2033, 
2034,
2035,
2036,
2037,
2038,后卫
2039,
2040,路易斯-鲍
2041,Luis Felipe Pau Leon
2042,路易斯-鲍（暂译）
2043,无
2044,年月{{{出生日}}}日（岁）
2045,  钱凯
2046,
2047,
2048,
2049,
2050,边锋
2051,
2052,傅一峰
2053,Kenny Poh
2054,Kenny Poh Yi Feng
2055,
2056,1986年11月15日（31岁）
2057, [[]]
2058,
2059,无
2060,171
2061,63
2062,中场
2063,
2064,曲珈辰
2065,Qu Jiachen
2066,曲珈辰
2067,曲士钊
2068,1993年10月11日（24岁）
2069,  大连市
2070,
2071,
2072,183
2073,77
2074,后卫
2075,MA55172
2076,郭俊谊
2077,Gabriel Quak
2078,Gabriel Quak Jun Yi
2079,无
2080,1990年12月22日（27岁）
2081, [[]]
2082,
2083,无
2084,178
2085,62
2086,边锋
2087,
2088,阿莉-瑞利
2089,Ali Riley
2090,"Alexandra ""Ali"" Lowe Riley"
2091,无
2092,1987年10月30日（30岁）
2093,  洛杉矶
2094,
2095,美国
2096,1.64
2097,
2098,中场
2099,
2100,戴维-罗利
2101,David Rowley
2102,David William Rowley
2103,无
2104,1990年2月6日（28岁）
2105, 
2106,
2107,澳大利亚
2108,185
2109,
2110,中场
2111,
2112,徐金成
2113,See Kim Seng
2114,See Kim Seng
2115,无
2116,1964年3月5日（54岁）
2117,  万津
2118,
2119,无
2120,178
2121,75
2122,前锋、后卫
2123,
2124,冼国伦
2125,Allan See Kok Luen
2126,Allan See Kok Luen
2127,无
2128,1988年3月6日（30岁）
2129, 
2130,
2131,无
2132,170
2133,65
2134,中锋
2135,
2136,施恬杰
2137,Byran See
2138,See Tian Keat
2139,无
2140,1993年6月22日（24岁）
2141,  梳邦再也
2142,
2143,无
2144,178
2145,
2146,门将
2147,
2148,单鹏飞
2149,Shan Pengfei
2150,单鹏飞
2151,
2152,1993年5月7日（24岁）
2153,  大连市
2154,
2155,
2156,180
2157,76
2158,后卫
2159,MA56753
2160,邵佳一
2161,Shao Jiayi
2162,邵佳一
2163,
2164,1980年4月10日（38岁）
2165,   朝阳区
2166,
2167,
2168,186
2169,78
2170,中场
2171,MP0771
2172,艾迪安-萧亚长
2173,Etienne Shew-Atjon
2174,Etienne Shew-Atjon
2175,无
2176,1974年11月24日（43岁）
2177, 
2178,
2179,苏里南
2180,183
2181,
2182,后卫
2183,
2184,玛蕾娜-沈
2185,Meleana Shim
2186,"Meleana ""Mana"" Lokahi Shim"
2187,无
2188,1991年9月15日（26岁）
2189,  火奴鲁鲁
2190,
2191,
2192,1.63
2193,
2194,中场
2195,
2196,沈炜智
2197,Joey Sim
2198,Joey Sim Wei Zhi
2199,无
2200,1987年3月2日（31岁）
2201, [[]]
2202,
2203,无
2204,
2205,
2206,门将
2207,
2208,萧高进
2209,Javen Siu
2210,Javen Michael Siu Ko Chun
2211,无
2212,1999年10月15日（18岁）
2213,  雷丁
2214,
2215,香港
2216,1.61
2217,
2218,边后卫
2219,
2220,苏进安
2221,Soh Chin Aun
2222,苏进安
2223,无
2224,1950年7月28日（67岁）
2225,  亚罗牙也
2226,
2227,无
2228,
2229,
2230,后卫
2231,
2232,苏祖麟
2233,Soh Chor Len
2234,Soh Chor Len
2235,无
2236,1967年11月1日（50岁）
2237, 
2238,
2239,无
2240,
2241,
2242,后卫
2243,
2244,宋孝禹
2245,Song Xiaoyu
2246,宋孝禹
2247,
2248,1997年7月5日（20岁）
2249,  大连市
2250,
2251,
2252,174
2253,72
2254,中场
2255,MA59006
2256,弗兰克-区
2257,Frank Soo
2258,Frank Soo
2259,无
2260,1914年3月12日（104岁）
2261, 
2262,
2263, （？）
2264,173
2265,
2266,内锋
2267,
2268,光华-施特因拉茨
2269,Kwong-Wah Steinraht
2270,Kwong-Wah Steinraht
2271,无
2272,1982年9月1日（35岁）
2273, 
2274,
2275,
2276,
2277,
2278,前锋
2279,
2280,孙铂
2281,Sun Bo
2282,孙铂
2283,
2284,1991年1月22日（27岁）
2285,  大连市
2286,
2287,
2288,180
2289,72
2290,中场
2291,MA55118
2292,孙国文
2293,Sun Guowen
2294,孙国文
2295,
2296,1993年9月30日（24岁）
2297,  大连市
2298,
2299,
2300,178
2301,71
2302,中场
2303,MA56851
2304,孙可
2305,Sun Ke
2306,孙可
2307,
2308,1989年8月26日（28岁）
2309,  徐州市 泉山区
2310,
2311,
2312,180
2313,70
2314,前锋
2315,MA39233
2316,孙祥
2317,Sun Xiang
2318,孙祥
2319,
2320,1982年1月15日（36岁）
2321,   杨浦区
2322,
2323,
2324,180
2325,76
2326,后卫
2327,MP0428
2328,孙怡朋
2329,"Bernard ""Shinji"" Sun Yipeng"
2330,孙怡朋
2331,
2332,1999年2月3日（19岁）
2333,  上海
2334,
2335,德国
2336,
2337,
2338,
2339,
2340,宋亨利
2341,Henry Sung
2342,Henry Sung
2343,无
2344,1989年4月19日（28岁）
2345,  奥斯特霍尔茨 沙姆贝克
2346,
2347,中华台北
2348,
2349,
2350,前腰
2351,
2352,覃祥宗
2353,Tam Sheang Tsung
2354,Tam Sheang Tsung
2355,
2356,1995年4月24日（22岁）
2357, 
2358,
2359,日本
2360,1.72
2361,
2362,边前卫
2363,
2364,陈振发
2365,Tan Chin Hoat
2366,陈振发
2367,
2368,1910年月日（岁）
2369, [[]]
2370,
2371,中华民国（？）
2372,
2373,
2374,边后卫
2375,
2376,陈汉伟
2377,Lionel Tan
2378,Tan Han Wei
2379,无
2380,1997年5月15日（20岁）
2381, [[]]
2382,
2383,无
2384,
2385,
2386,后卫
2387,
2388,陈祖仪
2389,Jerry Tan Cho Yee
2390,陈祖仪
2391,无
2392,1961年5月31日（56岁）
2393, [[]]
2394,
2395,香港、北马里亚纳群岛
2396,
2397,
2398,
2399,
2400,陈俊仁
2401,Dominic Tan
2402,Dominic Tan Jun Jin
2403,无
2404,1997年3月12日（21岁）
2405, 
2406,
2407,新加坡
2408,182
2409,
2410,后卫、中场
2411,
2412,黄文豪
2413,Ernest Wong
2414,Wong Wen Hao
2415,无
2416,1990年11月10日（27岁）
2417, 
2418,
2419,马来西亚
2420,180
2421,
2422,门将
2423,
2424,陈继晖
2425,Tan Kee-Hoei
2426,Tan Kee-Hoei
2427,无
2428,1980年2月6日（38岁）
2429, [[]]
2430,
2431,
2432,
2433,
2434,后卫
2435,
2436,陈龙虎
2437,Tan Liong Houw
2438,陈龙虎
2439,Latief Harris Tanoto
2440,1930年7月26日（87岁）
2441, 
2442,
2443,中华民国（？）
2444,
2445,
2446,中场
2447,
2448,陈武兴（暂译）
2449,Tan Mo Heng
2450,陈武兴（暂译）
2451,陈猛（Tan Bing）
2452,1913年2月28日（105岁）
2453,  雅加达
2454,
2455,中华民国（？）
2456,
2457,
2458,门将
2459,
2460,陈世翰（暂译）
2461,Tan See Han
2462,陈世汉（暂译）
2463,
2464,1910年月日（岁）
2465, [[]]
2466,
2467,中华民国（？）
2468,
2469,
2470,前锋
2471,
2472,陈小龙
2473,Sutanto Tan
2474,Sutanto Tan Xiao Long
2475,无
2476,1994年5月4日（23岁）
2477, 
2478,
2479,无
2480,180
2481,
2482,前锋
2483,
2484,陈永宏
2485,Davidson Tan
2486,Tan Yung Hong
2487,无
2488,1997年1月19日（21岁）
2489, 
2490,
2491,无
2492,178
2493,
2494,后卫
2495,
2496,汤传顺
2497,Tang Chuanshun
2498,汤传顺
2499,
2500,1993年1月23日（25岁）
2501,  大连市
2502,
2503,
2504,183
2505,73
2506,后卫
2507,MA56835
2508,郑季良
2509,Tay Kwee-liang
2510,郑季良
2511,
2512,1912年月日（岁）
2513, [[]]
2514,
2515,中华民国
2516,165cm
2517,55.3kg
2518,前锋
2519,
2520,安托万-张忠
2521,Antoine Tchang-Tchong
2522,Antoine Tchang-Tchong
2523,无
2524,1994年1月21日（24岁）
2525, 
2526,
2527,无
2528,188
2529,
2530,边后卫
2531,
2532,郑芳仁
2533,The Hong Djien
2534,郑芳仁
2535,
2536,1916年1月12日（102岁）
2537, [[]]
2538,
2539,中华民国（？）
2540,
2541,
2542,前锋
2543,
2544,张克武
2545,Thio Kek Boo
2546,Thio Kek Boo
2547,
2548,年月日（岁）
2549, 
2550,
2551,中华民国（？）
2552,
2553,
2554,后卫
2555,
2556,唐龙
2557,Brian Thong
2558,布莱恩-唐
2559,无
2560,1994年1月5日（24岁）
2561,  Phanat Nikhom
2562,
2563,泰国、越南
2564,
2565,
2566,中场
2567,
2568,陈善
2569,Daniel Ting
2570,Daniel Sang Ting
2571,
2572,1992年12月1日（25岁）
2573,  切斯特
2574,
2575,马来西亚
2576,183
2577,
2578,边后卫
2579,
2580,张显源
2581,Tio Hian Goan（Tio Hiang-Guan）
2582,张显源
2583,
2584,1911年月日（岁）
2585, 
2586,
2587,
2588,168
2589,67.1
2590,前锋
2591,
2592,张鑫章
2593,Thio Him Tjiang
2594,张鑫章
2595,
2596,1929年8月28日（88岁）
2597,  雅加达
2598,
2599,中华民国（？）
2600,
2601,
2602,中场
2603,
2604,曾亚秀（暂译）
2605,Rick Tjin-Asjoe
2606,Rick Tjin-Asjoe
2607,
2608,1962年8月23日（55岁）
2609,[[]] [[]]
2610,
2611,苏里南
2612,
2613,
2614,后卫
2615,
2616,杰瑞-张
2617,Jerryl Tjon-En-Fa
2618,杰瑞-张恩华
2619,无
2620,1980年5月23日（37岁）
2621, 
2622,
2623,无
2624,
2625,
2626,前锋
2627,
2628,雅尼克-大孙
2629,Yannick Tuason
2630,雅尼克-大孙
2631,无
2632,1989年1月4日（29岁）
2633, 
2634,
2635,西班牙
2636,1.75
2637,
2638,前锋
2639,
2640,范柏思孔
2641,L.N.van Beusekom
2642,L. N. van Beusekom
2643,无
2644,年月日（岁）
2645, [[]]
2646,
2647,无
2648,
2649,
2650,门将
2651,
2652,何塞-维拉罗伯斯
2653,José Villalobos Chan
2654,José Miguel Villalobos Chan
2655,无
2656,1981年6月5日（36岁）
2657, 
2658,
2659,
2660,182
2661,
2662,中后卫
2663,
2664,王大雷
2665,Wang Dalei
2666,王大雷
2667,
2668,1989年1月10日（29岁）
2669,  大连市 西岗区
2670,
2671,
2672,185
2673,75
2674,门将
2675,MA44047
2676,汪晋贤
2677,Wang Jinxian
2678,汪晋贤
2679,
2680,1996年1月12日（22岁）
2681,  武汉市
2682,
2683,
2684,176
2685,70
2686,中场
2687,MA59009
2688,王礼宾
2689,Wáng Lǐbīn
2690,王礼宾
2691,无
2692,1925年月日（岁）
2693,  
2694,
2695,无
2696,
2697,
2698,左中卫
2699,无
2700,王千硕
2701,Wang Qianshuo
2702,王千硕
2703,
2704,1995年10月14日（22岁）
2705,  大连市
2706,
2707,
2708,176
2709,70
2710,后卫
2711,MA59021
2712,王仁龙
2713,Wang Renlong
2714,王仁龙
2715,
2716,1997年3月18日（21岁）
2717,  大连市
2718,
2719,
2720,182
2721,74
2722,前锋
2723,MA59027
2724,王世鑫
2725,Wang Shixin
2726,王世鑫
2727,
2728,1993年1月9日（25岁）
2729,  大连市
2730,
2731,
2732,180
2733,72
2734,中场
2735,MA57275
2736,王寿先
2737,Wáng ShòuXiān
2738,王寿先
2739,无
2740,1917年月日（岁）
2741,   金州区
2742,
2743,无
2744,170
2745,
2746,中后卫、中前卫
2747,无
2748,王旭东
2749,Wang Xudong
2750,王旭东
2751,
2752,1995年1月8日（23岁）
2753,  大连市
2754,
2755,
2756,180
2757,70
2758,后卫
2759,MA58004
2760,王耀鹏
2761,Wang Yaopeng
2762,王耀鹏
2763,
2764,1995年1月18日（23岁）
2765,  大连市
2766,
2767,
2768,183
2769,75
2770,后卫
2771,MA57291
2772,王政文
2773,Wáng Zhèngwén
2774,王政文
2775,无
2776,1922年月日（岁）
2777,  
2778,
2779,无
2780,176
2781,
2782,右中卫
2783,无
2784,王子豪（MA50812）
2785,Wang Zihao
2786,王子豪
2787,
2788,1994年8月17日（23岁）
2789,  北京市
2790,
2791,
2792,174
2793,67
2794,中场
2795,MA50812
2796,王子豪（MA57276）
2797,Wang Zihao
2798,王子豪
2799,
2800,1993年5月22日（24岁）
2801,  大连市
2802,
2803,
2804,181
2805,74
2806,后卫
2807,MA57276
2808,王毅
2809,Denny Wang Yi
2810,德尼-王
2811,无
2812,1998年4月15日（19岁）
2813,  阿尔巴
2814,
2815,无
2816,180
2817,
2818,后卫
2819,
2820,埃德温-王
2821,Edwin Wang
2822,乔-埃德温-王
2823,无
2824,1991年11月29日（26岁）
2825,  梅珀尔
2826,
2827,
2828,180
2829,80
2830,中场
2831,
2832,王俊才
2833,Juncai Wang
2834,Juncai Wang
2835,无
2836,1990年4月5日（28岁）
2837, 
2838,
2839,无
2840,
2841,
2842,中场
2843,
2844,王敏峥
2845,Pierre Wang
2846,Pierre Min Zhen Wang
2847,无
2848,1994年5月1日（23岁）
2849,  维也纳
2850,
2851,
2852,180
2853,
2854,中场
2855,
2856,王喆
2857,Joe Wang Miller
2858,乔-王-米勒
2859,无
2860,1989年2月3日（29岁）
2861,  河东区
2862,
2863,美国
2864,
2865,
2866,前锋
2867,
2868,阿隆-温特
2869,Aron Winter
2870,Aron Mohamed Winter
2871,无
2872,1967年3月1日（51岁）
2873, [[]] 帕拉马里博
2874,
2875,苏里南
2876,
2877,
2878,中场
2879,
2880,黄文庆
2881,Mike Wong
2882,Wong Mun Heng
2883,无
2884,1965年3月10日（53岁）
2885, [[]]
2886,
2887,
2888,
2889,
2890,
2891,
2892,罗伯特-黄
2893,Roberto Wong Ordeñana
2894,罗伯特-黄-奥尔登亚纳
2895,无
2896,1979年8月17日（38岁）
2897,  蓬塔雷纳斯
2898,
2899,
2900,179
2901,
2902,中后卫
2903,
2904,王春华
2905,Wong Choon Wah
2906,Wong Choon Wah
2907,无
2908,1947年3月31日（71岁）
2909, [[]]
2910,
2911,无
2912,
2913,
2914,中场
2915,
2916,黄才富
2917,James Wong Chye Fook
2918,Wong Chye Fook
2919,无
2920,1953年4月26日（64岁）
2921,  京打哥那巴鲁
2922,
2923,无
2924,
2925,
2926,前锋、门将
2927,
2928,黄家兴
2929,Wong Kah Heng
2930,Wong Kah Heng
2931,无
2932,1992年2月27日（26岁）
2933,  金宝
2934,
2935,无
2936,171
2937,
2938,前锋
2939,
2940,黄家伦
2941,Wong Kah Loon
2942,Mohd Aiman Wong bin Abdullah
2943,无
2944,1973年4月2日（45岁）
2945,  波德申
2946,
2947,无
2948,
2949,
2950,中场
2951,
2952,黄金福
2953,Wong Kam Fook
2954,Wong Kam Fook
2955,无
2956,1949年3月17日（69岁）
2957, 
2958,
2959,无
2960,
2961,
2962,门将
2963,
2964,王世光
2965,Wong Sai Kong
2966,Wong Sai Kong
2967,无
2968,1978年9月19日（39岁）
2969, [[]]
2970,
2971,无
2972,1.79
2973,
2974,中场
2975,
2976,马修-吴（暂译）
2977,Matthew Woo Ling
2978,马修-吴-林
2979,无
2980,1996年9月15日（21岁）
2981, 
2982,
2983,无
2984,
2985,
2986,中场
2987,
2988,胡志
2989,Teorodo Wuchi
2990,特奥多罗-伍志
2991,无
2992,1948年2月8日（70岁）
2993,  瓦拉尔
2994,
2995,中华民国（？）
2996,
2997,
2998,边锋
2999,
3000,胡嘉儿
3001,Danica Wu
3002,Danica Joelle Wu Ka-Yee
3003,无
3004,1992年8月13日（25岁）
3005,  埃德蒙顿
3006,
3007,香港
3008,1.57
3009,
3010,中场
3011,
3012,武磊
3013,Wu Lei
3014,武磊
3015,
3016,1991年11月19日（26岁）
3017,  南京市 鼓楼区
3018,
3019,
3020,174
3021,66
3022,前锋
3023,MA35173
3024,吴曦
3025,Wu Xi
3026,吴曦
3027,
3028,1989年2月19日（29岁）
3029,  石家庄市 长安区
3030,
3031,
3032,180
3033,75
3034,中场
3035,MA05638
3036,解辉
3037,Xie Hui
3038,解辉
3039,
3040,1993年1月17日（25岁）
3041,  大连市
3042,
3043,
3044,182
3045,75
3046,后卫
3047,MA56755
3048,许伟华
3049,Jonathan Xu
3050,Jonathan Xu Weihua
3051,
3052,1983年9月7日（34岁）
3053, [[]]
3054,
3055,无
3056,1
3057,
3058,前锋
3059,
3060,闫鹏
3061,Yan Peng
3062,闫鹏
3063,
3064,1995年5月27日（22岁）
3065,  鞍山市
3066,
3067,
3068,179
3069,70
3070,前锋
3071,MA58011
3072,阎嵩
3073,Yan Song
3074,阎嵩
3075,
3076,1981年3月20日（37岁）
3077,  大连市
3078,
3079,
3080,182
3081,85
3082,中场
3083,MP0208
3084,杨博宇
3085,Yang Boyu
3086,杨博宇
3087,
3088,1989年6月24日（28岁）
3089,  大连市
3090,
3091,
3092,185
3093,81
3094,后卫
3095,MA35566
3096,杨明阳
3097,Ming-yang Yang
3098,杨明阳
3099,无
3100,1995年7月11日（22岁）
3101,  巴塞尔
3102,
3103,无
3104,172
3105,64
3106,中场
3107,
3108,杨智
3109,Yang Zhi
3110,杨智
3111,
3112,1983年1月15日（35岁）
3113,  广州市 东山区
3114,
3115,
3116,186
3117,79
3118,门将
3119,MA02132
3120,叶清荣
3121,Yeap Cheng Eng
3122,叶清荣（Yeap Cheng Eng）
3123,
3124,1915年月日（岁）
3125,[[]] [[]]
3126,
3127,
3128,
3129,
3130,前锋
3131,
3132,杨海义
3133,Yeo Hai Ngee
3134,Yeo Hai Ngee
3135,无
3136,1995年1月12日（23岁）
3137, [[]]
3138,
3139,无
3140,
3141,
3142,后卫
3143,
3144,奥古斯托-叶
3145,Augusto Yep
3146,Augusto Yep Marín
3147,无
3148,1974年1月1日（44岁）
3149, 
3150,
3151,无
3152,1.69米
3153,
3154,中场/后卫
3155,
3156,杨智贤
3157,Yong Che'Sen
3158,Jordan David Yong
3159,无
3160,1990年5月25日（27岁）
3161,  金士林
3162,
3163,马来西亚
3164,1.72
3165,
3166,边后卫
3167,
3168,杨孔雍
3169,Steve Yong Kuong Yong
3170,Steve Yong Kuong Yong
3171,无
3172,1988年9月18日（29岁）
3173,  波德申
3174,
3175,无
3176,175
3177,70
3178,边锋
3179,
3180,于大宝
3181,Yu Dabao
3182,于大宝
3183,
3184,1988年4月18日（29岁）
3185,  青岛市 四方区
3186,
3187,
3188,182
3189,78
3190,中场
3191,MA19892
3192,于汉超
3193,Yu Hanchao
3194,于汉超
3195,
3196,1987年2月25日（31岁）
3197,  大连市
3198,
3199,
3200,179
3201,72
3202,中场
3203,MA35130
3204,岳鑫
3205,Yue Xin
3206,岳鑫
3207,
3208,1995年11月10日（22岁）
3209,  武汉市
3210,
3211,
3212,177
3213,70
3214,后卫
3215,MA60397
3216,曾诚
3217,Zeng Cheng
3218,曾诚
3219,
3220,1987年1月8日（31岁）
3221,  武汉市 青山区
3222,
3223,
3224,192
3225,80
3226,门将
3227,MA15281
3228,张邦纶
3229,Zhāng Bānglún
3230,张邦纶
3231,无
3232,1919年7月15日（98岁）
3233,   松江区
3234,
3235,无
3236,172
3237,
3238,门将
3239,无
3240,张呈栋
3241,Zhang Chengdong
3242,张呈栋
3243,
3244,1989年2月9日（29岁）
3245,  保定市
3246,
3247,
3248,184
3249,73
3250,中场
3251,MA31515
3252,张翀
3253,Zhang Chong
3254,张翀
3255,
3256,1987年11月25日（30岁）
3257,  大连市
3258,
3259,
3260,190
3261,80
3262,门将
3263,MA30743
3264,张慧
3265,Zhang Hui
3266,张慧
3267,
3268,1997年2月18日（21岁）
3269,  大连市
3270,
3271,
3272,185
3273,75
3274,前锋
3275,MA59026
3276,张佳祺
3277,Zhang Jiaqi
3278,张佳祺
3279,
3280,1991年12月9日（26岁）
3281,  沈阳市
3282,
3283,
3284,191
3285,78
3286,中场
3287,MA45062
3288,张琳芃
3289,Zhang Linpeng
3290,张琳芃
3291,
3292,1989年5月9日（28岁）
3293,  济南市 市中区
3294,
3295,
3296,185
3297,80
3298,后卫
3299,MA33194
3300,张文钊
3301,Zhang Wenzhao
3302,张文钊
3303,
3304,1987年5月28日（30岁）
3305,  鞍山市 铁东区
3306,
3307,
3308,177
3309,63
3310,中场
3311,MA39536
3312,张稀哲
3313,Zhang Xizhe
3314,张稀哲
3315,张腾
3316,1991年1月23日（27岁）
3317,  武汉市 乔口区
3318,
3319,
3320,180
3321,65
3322,中场
3323,MA55323
3324,张迅伟
3325,Zhang Xunwei
3326,张迅伟
3327,
3328,1989年2月28日（29岁）
3329,  沈阳市
3330,
3331,
3332,186
3333,80
3334,门将
3335,MA48079
3336,张振
3337,Zhang Zhen
3338,张振
3339,
3340,1995年5月21日（22岁）
3341,  牡丹江市
3342,
3343,
3344,176
3345,70
3346,后卫
3347,MA58008
3348,张振强
3349,Zhang Zhenqiang
3350,张振强
3351,
3352,1993年1月28日（25岁）
3353,  大连市
3354,
3355,
3356,186
3357,77
3358,门将
3359,MA56838
3360,赵宏略
3361,Zhao Honglüe
3362,赵宏略
3363,
3364,1989年12月4日（28岁）
3365,  大连市
3366,
3367,
3368,179
3369,70
3370,后卫
3371,MA49119
3372,赵学斌
3373,Zhao Xuebin
3374,赵学斌
3375,
3376,1993年1月12日（25岁）
3377,  大连市
3378,
3379,
3380,180
3381,73
3382,前锋
3383,MA56848
3384,郑剑峰
3385,Zheng Jianfeng
3386,郑剑峰
3387,
3388,1989年3月22日（29岁）
3389,  大连市
3390,
3391,
3392,175
3393,75
3394,后卫
3395,MA45792
3396,郑智
3397,Zheng Zhi
3398,郑智
3399,
3400,1980年8月20日（37岁）
3401,  沈阳市 沈河区
3402,
3403,
3404,180
3405,75
3406,中场
3407,MP1152
3408,周晨野
3409,Zhou Chenye
3410,周晨野
3411,
3412,1997年2月12日（21岁）
3413,  德阳市
3414,
3415,
3416,181
3417,71
3418,中场
3419,MA58212
3420,周挺
3421,Zhou Ting
3422,周挺
3423,
3424,1979年2月5日（39岁）
3425,  大连市
3426,
3427,
3428,182
3429,76
3430,后卫
3431,MP0878
3432,周通
3433,Zhou Tong
3434,周通
3435,
3436,1990年1月12日（28岁）
3437,  淄博市
3438,
3439,
3440,170
3441,70
3442,中场
3443,MA36248
3444,朱晓刚
3445,Zhu Xiaogang
3446,朱晓刚
3447,
3448,1987年10月6日（30岁）
3449,  大连市
3450,
3451,
3452,182
3453,75
3454,中场
3455,MA30828
